id,title,venue,authors,year,abstract,citations,influential_citations,CPS,Blockchain,IoT,Fault Tolerance,Distributed Systems,sim_max,S_Quali,C_Norm,V_Norm,S_Quant,Score_Global
https://openalex.org/W4385692400,Cheaper than you thought? A dive into the darkweb market of cyber-crime products,ARES (Validação DBLP),"Dimitrios Georgoulias, Ricardo Yaben, Emmanouil Vasilomanolakis",2023,"The darkweb is nowadays considered a very popular place to sell and buy illegal cyber-crime related content. From botnet services and malware, to user data such as credit card information and passwords, darkweb marketplaces offer ease of use, product variety, and most importantly effective anonymity to both buyers and vendors. In this paper, we crawl 8 popular darkweb marketplaces and perform a comprehensive quantitative analysis with a focus on cyber-crime related products. Moreover, we report some preliminary findings when examining the same marketplaces through their I2P mirrors. Our results suggest that overall there is a multitude of products that fall into the cyber-crime category, with products under the Fraud category dominating the market, and that the average cyber-crime products’ price is relatively low. Furthermore, we explore how the vendors of this specific product group are distributed across platforms, utilizing harvested information such as usernames and PGP keys, and investigate how their reputation scores affect their operation.",12,12,0.5162,0.6062,0.4962,0.4618,0.5237,0.6062,2.0,,,,
https://openalex.org/W4413244732,Safety and Cybersecurity Under Emerging EU Legislation for Industry: A Use-Case Driven Perspective,ARES (Validação DBLP),"Ndeye G. Ndiaye, Karl Waedt, Nicolas Dejon, Chrystel Gaber, Achilleas Marinakis, Christos A. Gizelis, Gürkan Gür, Marc Rennhard, Oumayma Zeddini, Jean-Philippe Wary, Dominico Orlando, Claire Loiseaux, Vangelis Photiou, Nikolaos Koulierakis, Vasiliki Danilatou",2025,Resumo não disponível,2,2,0.6053,0.5161,0.5371,0.5283,0.5029,0.6053,0.0,,,,
https://openalex.org/W4413255951,EDURange Cloud: On Demand Cybersecurity Sandboxes Through Kubernetes,ARES (Validação DBLP),"Ryder Selikow, Jens Mache, Jack Cook, Joseph Granville, Richard Weiss, Hsiao-An Wang",2025,Resumo não disponível,1,1,0.5196,0.5369,0.4947,0.5385,0.6113,0.6113,0.0,,,,
https://openalex.org/W4413239870,Digital Twin Technology for Sustainable Shipping: Establishing Cyber-Security Challenges and Opportunities,ARES (Validação DBLP),"Athanasios Chalmoukis, Maria Lambrou",2025,Resumo não disponível,0,0,0.6091,0.5655,0.5272,0.5372,0.5449,0.6091,0.0,,,,
https://openalex.org/W4413244742,Are Trees Really Green? A Detection Approach of IoT Malware Attacks,ARES (Validação DBLP),"Silvia Lucia Sanna, Diego Soi, Davide Maiorca, Giorgio Giacinto",2025,Resumo não disponível,0,0,0.4671,0.4919,0.6152,0.4465,0.4687,0.6152,0.0,,,,
https://openalex.org/W4413255975,Psychological and Behavioral Aspects and System Dynamics: Insights from Exercises Using a Cyber Range,ARES (Validação DBLP),"José Manuel Castillo, Nicolas Louveton, Marc Parenthoen",2025,Resumo não disponível,0,0,0.6037,0.4885,0.4788,0.5525,0.5425,0.6037,0.0,,,,
https://openalex.org/W4293024991,MITRE ATT&amp;CK-driven Cyber Risk Assessment,ARES (Validação DBLP),"Mohamed Ahmed, Sakshyam Panda, Christos Xenakis, Emmanouil Panaousis",2022,"Assessing the risk posed by Advanced Cyber Threats (APTs) is challenging without understanding the methods and tactics adversaries use to attack an organisation. The MITRE ATT&CK provides information on the motivation, capabilities, interests and tactics, techniques and procedures (TTPs) used by threat actors. In this paper, we leverage these characteristics of threat actors to support informed cyber risk characterisation and assessment. In particular, we utilise the MITRE repository of known adversarial TTPs along with attack graphs to determine the attack probability as well as the likelihood of success of an attack. We further identify attack paths with the highest likelihood of success considering the techniques and procedures of a threat actor. The assessment is supported by a case study of a health care organisation to identify the level of risk against two adversary groups– Lazarus and menuPass.",44,44,0.5654,0.5262,0.4864,0.4929,0.5178,0.5654,0.0,,,,
https://openalex.org/W4292158698,GTM: Game Theoretic Methodology for optimal cybersecurity defending strategies and investments,ARES (Validação DBLP),"Ioannis Kalderemidis, Aristeidis Farao, Panagiotis Bountakas, Sakshyam Panda, Christos Xenakis",2022,"Investments on cybersecurity are essential for organizations to protect operational activities, develop trust relationships with clients, and maintain financial stability. A cybersecurity breach can lead to financial losses as well as to damage the reputation of an organization. Protecting an organization from cyber attacks demands considerable investments; however, it is known that organisations unequally divide their budget between cybersecurity and other technological needs. Organizations must consider cybersecurity measures, including but not limited to security controls, in their cybersecurity investment plans. Nevertheless, designing an effective cybersecurity investment plan to optimally distribute the cybersecurity budget is a primary concern.",20,20,0.5296,0.5419,0.4483,0.5195,0.5155,0.5419,0.0,,,,
https://openalex.org/W4292158626,SoK: Applications and Challenges of using Recommender Systems in Cybersecurity Incident Handling and Response,ARES (Validação DBLP),"Martin Husák, Milan Čermák",2022,"Incident handling, a fundamental activity of a cybersecurity incident response team, is a complex discipline that consumes a significant amount of personnel’s time and costs. There are continuous efforts to facilitate incident handling and response in terms of providing procedural or decision support and processing relevant data. In this paper, we survey the approaches towards (semi-)automated incident handling and response backed by recommender systems that are successful in other domains. We discuss which phases and tiers of incident handling can be automated and to what level while evaluating the maturity of proposed approaches and tools. While we did not find a full-scale recommender system that would guide the user through incident handling and suggest which steps to take, many of them aim at particular problems. The discussed issues are not resolved yet but seem to get the attention of researchers and will likely be investigated in the future.",18,18,0.5797,0.4926,0.5262,0.5382,0.585,0.585,0.0,,,,
https://openalex.org/W4293637522,Properties for Cybersecurity Awareness Posters’ Design and Quality Assessment,ARES (Validação DBLP),"Sunil Chaudhary, Marko Kompara, Sebastian Pape, Vasileios Gkioulos",2022,"Posters are widely in practice to communicate cybersecurity awareness (CSA) messages. This popularity could be because it is one of the simplest mechanisms, and most people are accustomed to poster usage. Despite this, very little effort has been made to make the CSA poster design and assessment more systematic. Due to this, there exists a wide variation in CSA poster design. Alarmingly, many of them do not align with the needs and objectives of CSA. This study, therefore, intends to collect and analyze the properties that can guide the production of more uniform and effective posters for CSA purposes. At the same time, the study contributes to making the poster design and quality assessment approach more systematic. In order to do so, this study used a literature review for the elicitation of properties and an online assessment to analyze the relevancy of the elicited properties. As a final result, the study provides six main properties (i.e., topic, information quality, message framing, suggestions quality, content presentation, localization, and style and formatting) and their respective twenty-one sub-properties that can facilitate CSA poster design and its quality assessment.",10,10,0.5905,0.4795,0.4947,0.5136,0.5323,0.5905,0.0,,,,
https://openalex.org/W4302183866,A Quantitative Analysis of Offensive Cyber Operation (OCO) Automation Tools,ARES (Validação DBLP),"Samuel Zurowski, George deF. Lord, Ibrahim Baggili",2022,"The ecosystem for automated offensive security tools has grown in recent years. As more tools automate offensive security techniques via Artificial Intelligence (AI) and Machine Learning (ML), it may result in vulnerabilities due to adversarial attacks. Therefore, it is imperative that research is conducted to help understand the techniques used by these security tools. Our work explores the current state of the art in offensive security tools. First, we employ an abstract model that can be used to understand what phases of an Offensive Cyber Operation (OCO) can be automated. We then adopt a generalizable taxonomy, and apply it to automation tools (such as normal automation and the use of artificial intelligence in automation). We then curated a dataset of tools and research papers and quantitatively analyzed it. Our work resulted in a public dataset that includes analysis of (n=57) papers and OCO tools that are mapped to the the MITRE ATT&CK Framework enterprise techniques, applicable phases of our OCO model, and the details of the automation technique. The results show a need for a granular expansion on the ATT&CK Exploit Public-Facing application technique. A critical finding is that most OCO tools employed Simple Rule Based automation, hinting at a lucrative research opportunity for the use of Artificial Intelligence (AI) and Machine Learning (ML) in future OCO tooling.",8,8,0.5781,0.5349,0.5038,0.5323,0.5388,0.5781,0.0,,,,
https://openalex.org/W4293637499,SASP: a Semantic web-based Approach for management of Sharable cybersecurity Playbooks,ARES (Validação DBLP),"Mehdi Akbari Gurabi, Avikarsha Mandal, Jan Popanda, Robert P. Rapp, Stefan Decker",2022,"In incident management, response and recovery actions are designed to effectively mitigate ongoing or future cyberattacks. A security playbook consists of a pipeline of instructions to document necessary response and recovery actions to deal with a specific type of incident. Since many organisations lack the resources, expertise and know-how to handle incidents, sharing playbooks across organisations could significantly improve their response capabilities against cyberattacks. However, playbooks are often organisation specific and usually not machine-readable, sharable and interoperable. In this work, we propose a semantic web-based approach to capture the knowledge of incident response and recovery steps to support sharing of playbooks based on a standardised and common vocabulary. To further demonstrate our approach, we introduce SASP, a proof-of-concept tool based on Semantic MediaWiki for playbook management. In this paper, we describe the key requirements from incident handlers to share playbooks, SASP architecture design, and its core components and functionalities. We then discuss the results of our user-centric evaluation conducted on members of different Security Operation Centres and the further potential of the solution.",7,7,0.5892,0.529,0.5187,0.5487,0.5866,0.5892,0.0,,,,
https://openalex.org/W4302374057,Adding European Cybersecurity Skills Framework into Curricula Designer,ARES (Validação DBLP),"Jan Hajný, Marek Sikora, Athanasios Vasileios Grammatopoulos, Fabio Di Franco",2022,"We present the updated version of the Curricula Designer, a tool that is devoted to helping study program administrators and education providers to create cybersecurity curricula that are modern and reflect the needs of the job market. Our main contribution is the inclusion of the European Cybersecurity Skills Framework (ECSF) developed by ENISA to the Curricula Designer. The ECSF makes it possible to directly link knowledge and skills with professional profiles, which in turn reflect actual work roles on the job market. By adding ECSF to the Curricula Designer, we get a simple yet powerful tool that helps to identify the right content of cybersecurity curricula using rigorous, deterministic methods, applicable at any higher education provider. At the time of the paper submission, the Curricula Designer is the first practical application that is based on ECSF. However, due to its focus on practicality, usability and simplicity, we expect ECSF to become the dominant framework for cybersecurity knowledge and skills identification in Europe.",7,7,0.5442,0.4951,0.4197,0.4774,0.4919,0.5442,0.0,,,,
https://openalex.org/W4292158612,Cyber-Security Culture Assessment in Academia: A COVID-19 Study,ARES (Validação DBLP),"Anna Georgiadou, Ariadni Michalitsi-Psarrou, Dimitris Askounis",2022,"Times of crisis have long been combined with an increase in cybercrime, exploiting the general instability; therefore, in such times, systems and infrastructures face greater exposure to vulnerabilities. On top of that, the COVID-19 crisis has increased our reliance on the internet, while working-from-home has been the daily reality for a large proportion of the population worldwide. Increased cyber-security awareness becomes a necessity for everyone, starting from a more knowledgeable audience; IT professionals, and software engineers. In this context, this paper aims to assess the cyber-security culture readiness of representatives studying or working within a European Polytechnique Academic Institution, during the COVID-19 crisis. Towards that end, a targeted evaluation campaign was launched for two weeks, from 28th February 2022 to 13th March 2022. The campaign consisted of four questionnaires of increased difficulty and a phishing quiz, all assessing the security culture of the participants against three dimensions; their security attitude, their competency, and their actual behavior. The campaign results have been thoroughly analyzed, and the findings were unforeseen in many cases, supporting the identification of security awareness weaknesses and assisting in drafting targeted, customized training programs.",6,6,0.5473,0.4693,0.4742,0.4961,0.4867,0.5473,0.0,,,,
https://openalex.org/W4301438024,Enhanced Anomaly Detection for Cyber-Attack Detection in Smart Water Distribution Systems,ARES (Validação DBLP),"Branka Stojanović, Helmut Neuschmied, Martin Winter, Ulrike Kleb",2022,"The importance of automated intrusion detection systems, not only in network infrastructures, but also in critical and industrial infrastructures is becoming more evident with the significant increase of cyber-attacks targeting such infrastructures. The most recent research initiatives in this field focus on unsupervised learning methods, due to a constant lack of labelled datasets of a good quality. This paper proposes an enhanced autoencoder based anomaly detection approach for water distribution cyber-attack detection. The proposed approach contains a pipeline of methods, including feature engineering as a pre-processing step, anomaly estimation based on autoencoder, and scores smoothing as a post-processing step. The obtained results are very promising compared to existing approaches.",6,6,0.574,0.5135,0.5535,0.5244,0.5458,0.574,0.0,,,,
https://openalex.org/W4283752596,Current Challenges of Cyber Threat and Vulnerability Identification Using Public Enumerations,ARES (Validação DBLP),"Lukáš Sadlek, Pavel Čeleda, Daniel Tovarňák",2022,"Identification of cyber threats is one of the essential tasks for security teams. Currently, cyber threats can be identified using knowledge organized into various formats, enumerations, and knowledge bases. This paper studies the current challenges of identifying vulnerabilities and threats in cyberspace using enumerations and data about assets. Although enumerations are used in practice, we point out several issues that still decrease the quality of vulnerability and threat identification. Since vulnerability identification methods are based on network monitoring and agents, the issues are related to the asset discovery, the precision of vulnerability discovery, and the amount of data. On the other hand, threat identification utilizes graph-based, nature-language, machine-learning, and ontological approaches. The current trend is to propose methods that utilize tactics, techniques, and procedures instead of low-level indicators of compromise to make cyber threat identification more mature. Cooperation between standards from threat, vulnerability, and asset management is also an unresolved issue confirmed by analyzing relationships between public enumerations and knowledge bases. Last, we studied the usability of techniques from the MITRE ATT&amp;amp;CK knowledge base for threat modeling using network monitoring to capture data. Although network traffic is not the most used data source, it allows the modeling of almost all tactics from the MITRE ATT&amp;amp;CK.",4,4,0.5809,0.5298,0.5328,0.5334,0.5553,0.5809,0.0,,,,
https://openalex.org/W4299981385,Job Adverts Analyzer for Cybersecurity Skills Needs Evaluation,ARES (Validação DBLP),"Sara Ricci, Marek Sikora, Simon Parker, Imre Lendák, Yianna Danidou, Argyro Chatzopoulou, Rémi Badonnel, Donatas Alksnys",2022,"This article presents a new free web-based application, the Cybersecurity Job Ads Analyzer, which has been created to collect and analyse job adverts using a machine learning algorithm. This algorithm enables the detection of the skills required in advertised cybersecurity work positions. The application is both interactive and dynamic allowing for automated analyses and for the underlying database of job adverts to be easily updated. Through the Cybersecurity Job Ads Analyzer, it is possible to explore the skills required over time, and thereby enable academia and other training providers to better understand and address the needs of the industry. We will describe in detail the user interface and technical background of the application, as well as highlight the preliminary statistical results we have obtained from analysing the current database of job adverts.",4,4,0.5565,0.5015,0.5,0.4563,0.4936,0.5565,0.0,,,,
https://openalex.org/W4293586209,Analyzing Coverages of Cyber Insurance Policies Using Ontology,ARES (Validação DBLP),"Markos Charalambous, Aristeidis Farao, George Kalantzantonakis, Panagiotis Kanakakis, Nikos Salamanos, Evangelos E. Kotsifakos, Evangellos Froudakis",2022,"In an era where all the transactions, businesses and services are becoming digital and online, the data assets and the services protection are of utmost importance. Cyber-insurance companies are offering a wide range of coverages, but they also have exclusions. Customers of these companies need to be able to understand the terms and conditions of the related contracts and furthermore they need to be able to compare various offerings in order to determine the most appropriate solutions for their needs. The research in the area is very limited while at the same time the related market is growing, giving every potential solution a high value. In this paper, we propose a methodology and a prototype system that will help customers to compare contracts based on a pre-defined ontology that is describing cyber-insurance terms. After a first preliminary analysis and validation, our approach accuracy is averaging at almost 50%, giving a promising initial evaluation. Fine tuning, larger data set assessment and ontology refinement will be our next steps to improve the accuracy of our tool. Real user evaluation will follow, in order to evaluate the tool in real world cases.",3,3,0.5828,0.5741,0.5484,0.533,0.558,0.5828,0.0,,,,
https://openalex.org/W4300662927,Multi-label Classification of Cybersecurity Text with Distant Supervision,ARES (Validação DBLP),"Masahiro Ishii, Kento Mori, Ryoichi Kuwana, Satoshi Matsuura",2022,"Detailed analysis of cybersecurity intelligence in various data is essential to counter the recent advanced and complex evolution of cyber security attacks and threats. In particular, highly sophisticated learning models are required to classify cyberattacks and threats or extract security intelligence from unstructured data described in natural language.",5,5,0.568,0.4889,0.5248,0.5026,0.5248,0.568,0.0,,,,
https://openalex.org/W4292158645,Privacy-Preserving Polyglot Sharing and Analysis of Confidential Cyber Threat Intelligence,ARES (Validação DBLP),"Davy Preuveneers, Wouter Joosen",2022,"Sharing cyber threat intelligence helps organizations analyze and protect against a growing number and sophistication of security threats. However, organizations are reluctant to share their locally collected cyber threat intelligence with third parties because of the the risk of incidentally disclosing sensitive business data or personally identifiable information, and the subsequent reputational harm or even financial repercussions imposed by the GDPR. To address the different confidentiality needs of threat intelligence producers and consumers, we present and evaluate a practical polyglot solution for privacy-preserving sharing and analysis of confidential or private information, and this on top of a contemporary cyber threat intelligence platform. Additionally, we investigate the security impact and computational overhead of these techniques to analyze correlations between threat events in a privacy-preserving manner and across sharing organizations.",3,3,0.5786,0.575,0.5018,0.5222,0.5479,0.5786,0.0,,,,
https://openalex.org/W4293024072,The cybersecurity-related ethical issues of cloud technology and how to avoid them,ARES (Validação DBLP),"Aleksandra Pawlicka, Marek Pawlicki, Rafał Renk, Rafał Kozik, Michał Choraś",2022,"Nowadays, cloud technology is assuming immense significance, being treated as a critical infrastructure, and is also a buzzword. Nevertheless, the technology has also brought about a number of new adverse phenomena and threats; it has attracted criminals, as well. Whenever the questions of “good” and “bad” arise, the ethical issues arise alongside them; the cybersecurity of cloud technology is no exception. This paper deals with the ethical dilemmas of cloud technology. It discusses a collection of the ethical issues of the cloud technology presented from the perspective of cybersecurity, based on the state-of-the-art literature. The main contribution of this work is that it gathers, synthesizes and organises the cybersecurity-related ethical dilemmas of cloud technology, thus offering the most extensive collection thereof. In addition, the work presents a comprehensive list of recommendations and suggestions which may help solve or prevent these ethical issues, and are a good starting point for anyone designing an ethical cybersecurity strategy.",1,1,0.5885,0.5817,0.5132,0.5579,0.5993,0.5993,0.0,,,,
https://openalex.org/W4299416412,The Platform for Czech National Qualifications Framework in Cybersecurity,ARES (Validação DBLP),"Jakub Vostoupal, František Kasl, Pavel Loutocký, Tomáš Pitner, Patrik Valo, Adam Valalský, Damián Paranič",2022,"The scarcity of cybersecurity experts negatively affects the overall state of cybersecurity among all relevant stakeholders in the private and public sectors. The efforts to close the cybersecurity skills gap are unfortunately limited by the lack of a sufficiently broad and granular taxonomy. In this article, we introduce our work on the Czech National Qualifications Framework in Cybersecurity as a possible remedy for the said problem. Firstly, we shortly describe other relevant projects and initiatives. Further, we focus on the development process of the Czech Framework, its components and their interactions, and subsequently we focus on the Platform and its functions. This interactive platform offers other stakeholders (and future users) an effective access to the framework and its further utilization. It also simplifies and allows for an effective administration and update of a framework on this level of granularity.",1,1,0.5577,0.5266,0.4766,0.5171,0.5318,0.5577,0.0,,,,
https://openalex.org/W4385713380,Adversarial Machine Learning Attacks on Multiclass Classification of IoT Network Traffic,ARES (Validação DBLP),"Vasileios Pantelakis, Panagiotis Bountakas, Aristeidis Farao, Christos Xenakis",2023,"Machine Learning-based Intrusion Detection Systems have been proven to be very effective in the protection of IoT Networks. However, the expansion of Adversarial Machine Learning attacks threatens their efficacy affecting also the security of IoT networks. Thus, this paper proposes a Machine Learning-driven methodology for multiclass classification of cyber-attacks in IoT networks and investigates the robustness of the Machine and Deep Learning classifiers against several well-known Adversarial Machine Learning attacks (JSMA, FGSM, DeepFool). Moreover, the effectiveness of the Adversarial Training defense method has been studied in tackling Adversarial Machine Learning attacks. The proposed methodology was evaluated using a new and large IoT dataset (IoTID20) and the experimental results concluded that the Random Forest classifier can classify the cyber-attacks with high classification accuracy (99.9%) as well as the JSMA, FGSM, and DeepFool attacks can significantly reduce the performance of all the classifiers. Finally, based on the evaluation adversarial training can overall enhance the classifiers’ robustness against all the utilized Adversarial Machine Learning attacks without affecting the performance when only normal samples are present.",17,17,0.517,0.5098,0.5749,0.4811,0.5029,0.5749,0.0,,,,
https://openalex.org/W4385692141,"Tactics, Techniques and Procedures of Cybercrime: A Methodology and Tool for Cybercrime Investigation Process",ARES (Validação DBLP),"G. Sarkar, Hardeep Singh, Subodh Kumar, Sandeep K. Shukla",2023,"Individuals, organizations and nation-states are increasingly falling victim to cyberattacks. A lot of research on how to understand the modus operandi of a cyber attacker through the MITRE ATT&CK framework, CAPEC enumeration and various cyber kill chain frameworks has been available for cyber incident responders for both pre-attack defensive posture preparation as well as post-attack mapping of the indicators. Cybercrime, on the other hand, has a very different set of motives, majorly financial, but also impersonation, harassment and hate crimes, which are targeted mostly towards individuals who are vulnerable. Investigative officers in cyber cells around the world use various investigative processes in their attempt to solve a cybercrime incident, detect the criminal(s), recover the lost money, shut down the accounts of perpetrators, or bring down the cyber-criminal gangs involved in reported cybercrime incidents. However, to the best of our knowledge, there is no framework to map the cybercrime incident narratives to the tactics, techniques and procedures (TTPs) used by cybercriminals, nor are the processes used by cybercrime investigating officers mapped to such TTPs to create a systematic modus operandi for the investigators to solve a cybercrime, cluster multiple crime incidents as attributable to a specific cybercrime operator, or systematically map a set of evidence collected to a pattern of TTPs. In this paper, we present a TTP-based framework for classified cybercrimes to formulate a comprehensive strategy for cybercrime interpretation and action recommendations for law enforcement officers, which can be used as a reference point to establish targeted threat models and incident response methodologies for cybercrime investigations.",15,15,0.5321,0.5072,0.4702,0.4651,0.5066,0.5321,0.0,,,,
https://openalex.org/W4385713516,The Age of fighting machines: the use of cyber deception for Adversarial Artificial Intelligence in Cyber Defence,ARES (Validação DBLP),"David Antunes, Salvador Llopis Sánchez",2023,"Cyber deception has emerged as a valuable technique in the field of cybersecurity, closely linked with adversarial Artificial Intelligence. In an era of pervasive automation, it is getting prominence as a research topic aimed at understanding how novel machine learning algorithms can be deceived using adversarial attacks that exploit vulnerabilities of their models. To this end, the paper describes the state-of-the-art of cyber deception for adversarial AI purposes, focusing on its benefits, challenges, and advanced techniques. In addition, this exploratory research attempts to extend its applicability to the fact that an appropriate and timely discovery of adversarial plans and associated actions may enhance own cyber resilience by introducing analytical findings of the adversary's intent into decision-making for cyber situational awareness. The study of adversarial thinking is as old as history and is one of the most relevant subjects rapidly incorporated into the operational planning process – a methodology to understand the operational environment. Adversarial knowledge is used for adapting own cyber defences in response to the cyber threat landscape.",8,8,0.5743,0.5222,0.461,0.5229,0.5064,0.5743,0.0,,,,
https://openalex.org/W4385713395,Why Mary Can Hack: Effectively Introducing High School Girls to Cybersecurity,ARES (Validação DBLP),"Gabriele Costa, Silvia De Francisci, Serenella Valiani, P. Prinetto",2023,"The gender gap is one of the main concerns in the IT sector, in general, and in cybersecurity, in particular. Although well known, the problem is multifaceted and some of its root causes may be found in the education system. In the last years, many initiatives have been proposed targeting high-school students that might be interested in cybersecurity. Many of these programs rely on capture-the-flag (CTF) competitions to gradually form technical skills in an entertaining way. Despite these efforts, however, the number of girls that attend and complete these programs is still often unsatisfactory.",6,6,0.5396,0.4957,0.4658,0.5107,0.4869,0.5396,0.0,,,,
https://openalex.org/W4385692288,Towards Grammatical Tagging for the Legal Language of Cybersecurity,ARES (Validação DBLP),"Gianpietro Castiglione, Giampaolo Bella, Daniele Francesco Santamaria",2023,"Legal language can be understood as the language typically used by those engaged in the legal profession and, as such, it may come both in spoken or written form. Recent legislation on cybersecurity obviously uses legal language in writing, thus inheriting all its interpretative complications due to the typical abundance of cases and sub-cases as well as to the general richness in detail. This paper faces the challenge of the essential interpretation of the legal language of cybersecurity, namely of the extraction of the essential Parts of Speech (POS) from the legal documents concerning cybersecurity.",4,4,0.5627,0.4954,0.4865,0.4715,0.5178,0.5627,0.0,,,,
https://openalex.org/W4385713357,Enhancing Cybersecurity Education in Europe: The REWIRE’s Course Selection Methodology,ARES (Validação DBLP),"Alan Briones, Sara Ricci, Argyro Chatzopoulou, Jakub Čegan, Petr Dzurenda, Ioannis KOUTOUDİS",2023,"The European Cybersecurity Skills Framework (ECSF) was introduced by the European Union Agency for Cybersecurity (ENISA) to identify the necessary competencies, knowledge, and skills required for European cybersecurity professionals. The ECSF condenses all cybersecurity-related positions into 12 role profiles, aiming to establish a mutual understanding of essential roles and support the creation of cybersecurity training programs. In order to address the shortage of cybersecurity experts, a multi-criteria selection method is developed to increase the availability, accessibility, and quality of cybersecurity courses and certifications. This Course Selection methodology ensures high-quality training materials that meet the current and future needs of the cybersecurity industry and benefit a wide range of participants. The methodology considers six criteria and provides a scoring system to rank the occupational profiles and select the most relevant profiles for the course design. Our final score formula identifies Chief Information Security Officer (CISO), Cyber Incident Responder, Cyber Threat Intelligence Specialist, and Penetration Tester for the Course creation.",3,3,0.5374,0.4892,0.4359,0.4821,0.4871,0.5374,0.0,,,,
https://openalex.org/W4385692317,DJM-CYBER: A Joint Master in Advanced Cybersecurity,ARES (Validação DBLP),"Yianna Danidou, Sara Ricci, Antonio Skármeta, Jiří Hošek, Stefano Zanero, Imre Lendák",2023,Various publicly available studies show that millions of cybersecurity experts are missing worldwide. One possible way to tackle the workforce gap is with tailored higher education programmes. The goal of this paper is to present the relevant projects and frameworks of the European Union which can guide the development of novel cybersecurity education offerings. We describe the most relevant and freely available tools and test them in the development of a joint Master study programme to be offered by a consortium of five European universities. We show that these tools allow educators and study programme developers to map their outputs to the European Cybersecurity Framework developed by the ENISA and other similar frameworks. We complete our work with a detailed analysis of a joint cybersecurity master programme consisting of four innovative and distinctly different tracks.,2,2,0.5676,0.5238,0.4645,0.5155,0.5388,0.5676,0.0,,,,
https://openalex.org/W4385713355,The Curation Mechanism for the Czech National Qualifications Framework in Cybersecurity,ARES (Validação DBLP),"František Kasl, Pavel Loutocký, Jakub Vostoupal",2023,"The cybersecurity field is a fast-paced, ever-changing, and complex environment. Society’s growing dependency on ICT combined with the rising number and seriousness of cyber threats emphasizes the need for a sufficient number of cybersecurity experts, who are, at the moment, still pretty scarce. Furthermore, the lack of common methodology, understanding of individual cybersecurity work roles, and the disparate perspectives of cybersecurity stakeholders from diverse backgrounds (academia, public entities, private sector) further hinder any long-term solutions. In our previous contributions, we presented the National Qualifications Framework in Cybersecurity, which could provide a solution for a sufficiently up-to-date, broad, and granular taxonomy of skills requirements for existing and future cybersecurity work roles that could mitigate this problem. The Platform, including the curation mechanism, was created for this Framework to be easy to navigate, administer, update and flexible. This enabled further utilization (and possibly even development) of the available inputs and synergies from existing qualification frameworks, such as the NICE Framework and the European Cybersecurity Skills Framework. In this article, we introduce and analyze the curation mechanism and the challenges of navigating cybersecurity qualification frameworks and producing a sufficient UI. Primarily we focus on the specific functions of the curation mechanism, e.g., the feedback collection and Framework updates, which could be adapted even for other framework content or languages and thereby implemented in parallel solutions. Therefore, we present the Platform, including the curation mechanism, as a dynamic common reference tool for cybersecurity workforce requirements.",2,2,0.5596,0.5345,0.4869,0.5373,0.5442,0.5596,0.0,,,,
https://openalex.org/W4385713412,Dynamic Cybersecurity Curriculum Optimization Method (DyCSCOM),ARES (Validação DBLP),"Marko Zivanovic, Imre Lendák, Ranko Popović",2023,"Demand for cybersecurity experts is high, driven by the increasing digitization of society and increasing number of sophisticated, targeted cyber attacks. Despite this pressing need, a significant shortfall in the number of cybersecurity experts remains due to very diverse landscape of knowledge and complex curriculum accreditation process. In this paper, we present a new model for curriculum analysis and adjustment that addresses entire curricula or course material. It employs machine learning and text-mining techniques for keyword extraction and further comparison with reference skills frameworks. The analysis illustrates a new measurement that quantifies coverage of cybersecurity role and its importance within curriculum based on keyword matching. The case study was conducted with university curricula from Europe and North America. The results illustrate curriculum coverage according to the ENISA's European Cybersecurity Skills Framework (ECSF) roles and optimization progress after our method application.",3,3,0.5741,0.4937,0.4619,0.4964,0.5193,0.5741,0.0,,,,
https://openalex.org/W4400976785,AIAS: AI-ASsisted cybersecurity platform to defend against adversarial AI attacks,ARES (Validação DBLP),"Georgios Petihakis, Aristeidis Farao, Panagiotis Bountakas, Athanasia Sabazioti, John W. Polley, Christos Xenakis",2024,"The increasing integration of Artificial Intelligence (AI) in critical sectors such as healthcare, finance, and cybersecurity has simultaneously exposed these systems to unique vulnerabilities and cyber threats. This paper discusses the escalating risks associated with adversarial AI and outlines the development of AIAS. AIAS is a comprehensive, AI-driven security platform designed to enhance the resilience of AI systems against such threats. In addition, AIAS features advanced modules for threat simulation, detection, mitigation, and deception, using adversarial defense techniques, attack detection mechanisms, and sophisticated honeypots. The platform leverages explainable AI (XAI) to improve the transparency and effectiveness of threat countermeasures. Through meticulous analysis and innovative methodologies, AIAS aims to revolutionize cybersecurity defenses, enhancing the robustness of AI systems against adversarial attacks while fostering a safer deployment of AI technologies in critical applications. The paper details the components of the AIAS platform, explores its operational framework, and discusses future research directions for advancing AI security measures.",9,9,0.5946,0.5516,0.4921,0.5664,0.5542,0.5946,0.0,,,,
https://openalex.org/W4400976724,Evaluating Cybersecurity Risk: A Comprehensive Comparison of Vulnerability Scoring Methodologies,ARES (Validação DBLP),"Konstantina Milousi, Prodromos Kiriakidis, Notis Mengidis, Georgios Rizos, Mariana S. Mazi, Antonis Voulgaridis, Konstantinos Votis, Dimitrios Tzovaras",2024,"In the continuously evolving digital landscape, risk assessment represents an essential cornerstone in cybersecurity, crucial for the identification, evaluation and prioritization of potential threats and vulnerabilities within complex digital ecosystems. Vulnerability scoring systems play a pivotal role in this process by providing structured methodologies to quantify and qualify the severity and impact of vulnerabilities. This paper presents a comprehensive comparison of various vulnerability scoring systems approaches, examining their structures, methodologies, and unique attributes. Beginning with a review of the critical role of risk assessment in the dynamic cyber threat landscape, it emphasizes the fundamental significance of vulnerability scoring systems in risk evaluation. The selection criteria for the vulnerability scoring systems that are analyzed are clarified, focusing on justifying choices based on relevance and significance while considering parameters guiding their selection. A detailed analysis of the selected vulnerability scoring systems follows, delving into methodologies, metrics, and distinct characteristics, providing an in-depth understanding of their functionalities. Subsequently, a comparative evaluation of these systems is conducted, highlighting their respective strengths, weaknesses, and overall effectiveness in cybersecurity risk assessment, while benefits and drawbacks of each vulnerability scoring system are examined to offer a comprehensive perspective. The conclusions of this comparative study bring together the results, summarizing essential insights gathered through the analysis of the vulnerability scoring systems. Overall, this paper provides a structured evaluation of the available vulnerability scoring systems, offering valuable insights for professionals in the field of cybersecurity, as well as future research involved in vulnerability management and risk assessment.",6,6,0.5853,0.5495,0.4928,0.5521,0.5654,0.5853,0.0,,,,
https://openalex.org/W4400977152,Assessing the Impact of Large Language Models on Cybersecurity Education: A Study of ChatGPT's Influence on Student Performance,ARES (Validação DBLP),"Marc Ohm, Christian Bungartz, Felix Boes, Michael Meier",2024,"The popularity of chatbots to facilitate day-to-day business, including students and their study exercises, is on the rise. This paper investigates the extent and effects on the academic performance of students that leverage such tools. While many other approaches are hypothesized and discussed, we measure empirically. We recorded and compared the performance of cybersecurity students in weekly exercises and final exams over a period of three years. This allows us to have three groups with varying degrees of ChatGPT influence, namely no access, uncontrolled access, and controlled access. In an anonymous survey, we found that approximately 80% of our students utilize ChatGPT during the weekly assignments in 2023. However, none of them indicated this on their submission, despite it being a mandatory requirement. Through statistical analysis of achieved points in our sample groups, we identified that students perform similarly on the weekly assignments. However, their performance on the final examination deteriorates.",7,7,0.574,0.5348,0.5005,0.5017,0.5505,0.574,0.0,,,,
https://openalex.org/W4400977459,Toward a Log-based Anomaly Detection System for Cyber Range Platforms,ARES (Validação DBLP),"Francesco Blefari, Francesco Aurelio Pironti, Angelo Furfaro",2024,"Nowadays, the Information Technology landscape is permeated by a multitude of vulnerabilities and threats. The constantly rising number of heterogeneous devices makes difficult or even impossible a complete mapping of all possible threats to which they are exposed. Antivirus and Anti-malware tools have been developed to quickly detect anomalous software or behaviors. However, these solutions often rely on a knowledge base stored in such a kind of database. They are not effective against unknown attacks, also known as zero-day attacks. By relying on (network/system) log analysis it is possible to detect attacker activities. The log analysis plays a crucial role against cyber threats providing an effective tool in order to detect them rapidly and build advanced monitoring systems. However, log consultation can often be a challenging and costly task. Over time, useful tools and utilities have been developed to simplify the task for analysts. This paper presents a system capable to detect attackers’ activities in a Cyber Range platform. The system also features the visualization of attackers’ activity traces represented as attack graphs.",6,6,0.5577,0.5101,0.5195,0.5161,0.5348,0.5577,0.0,,,,
https://openalex.org/W4400976822,Enhancing Cybersecurity Curriculum Development: AI-Driven Mapping and Optimization Techniques,ARES (Validação DBLP),"Petr Dzurenda, Sara Ricci, Marek Sikora, Michal Stejskal, Imre Lendák, Pedro Adão",2024,"Cybersecurity has become important, especially during the last decade. The significant growth of information technologies, internet of things, and digitalization in general, increased the interest in cybersecurity professionals significantly. While the demand for cybersecurity professionals is high, there is a significant shortage of these professionals due to the very diverse landscape of knowledge and the complex curriculum accreditation process. In this article, we introduce a novel AI-driven mapping and optimization solution enabling cybersecurity curriculum development. Our solution leverages machine learning and integer linear programming optimization, offering an automated, intuitive, and user-friendly approach. It is designed to align with the European Cybersecurity Skills Framework (ECSF) released by the European Union Agency for Cybersecurity (ENISA) in 2022. Notably, our innovative mapping methodology enables the seamless adaptation of ECSF to existing curricula and addresses evolving industry needs and trend. We conduct a case study using the university curriculum from Brno University of Technology in the Czech Republic to showcase the efficacy of our approach. The results demonstrate the extent of curriculum coverage according to ECSF profiles and the optimization progress achieved through our methodology.",5,5,0.589,0.5109,0.4867,0.5152,0.5373,0.589,0.0,,,,
https://openalex.org/W4400975957,Using DNS Patterns for Automated Cyber Threat Attribution,ARES (Validação DBLP),"Cristoffer Leite, Jerry den Hartog, Daniel Ricardo dos Santos",2024,"Linking attacks to the actors responsible is a critical part of threat analysis. Threat attribution, however, is challenging. Attackers try to avoid detection and avert attention to mislead investigations. The trend of attackers using malicious services provided by third parties also makes it difficult to discern between attackers and providers. Besides that, having a security team doing manual-only analysis might overwhelm analysts. As a result, the effective use of any trustworthy information for attribution is paramount, and automating this process is valuable. For this purpose, we propose an approach to perform automated attribution with a source of reliable information currently underutilised, the DNS patterns used by attackers. Our method creates recommendations based on similar patterns observed between a new incident and already attributed attacks and then generates a list of the most similar attacks. We show that our approach can, at ten recommendations, achieve 0.8438 precision and 0.7378 accuracy. We also show that DNS patterns have a short lifespan, allowing their utility even in more recent knowledge bases.",4,4,0.5107,0.5082,0.4924,0.5,0.4931,0.5107,0.0,,,,
https://openalex.org/W4400978527,"SYNAPSE - An Integrated Cyber Security Risk &amp; Resilience Management Platform, With Holistic Situational Awareness, Incident Response &amp; Preparedness Capabilities: SYNAPSE",ARES (Validação DBLP),"Panagiotis Bountakas, Konstantinos Fysarakis, Thomas Kyriakakis, Panagiotis A. Karafotis, Sotiropoulos Aristeidis, Maria Tasouli, Cristina Alcaraz, George Alexandris, Vassiliki Andronikou, Tzortzia Koutsouri, Romarick Yatagha, George Spanoudakis, Sotiris Ioannidis, Fabio Martinelli, Oleg Illiashenko",2024,"In an era of escalating cyber threats, the imperative for robust and comprehensive cybersecurity measures has never been more pressing. To address this challenge, SYNAPSE presents a pioneering approach by conceptualising, designing, and delivering an Integrated cybersecurity Risk & Resilience Management Platform. The innovation of this platform lies in the integration of key elements, such as situational awareness, incident response, and preparedness (i.e., cyber range), augmented by advanced AI capabilities. Through its holistic approach, SYNAPSE aims to elevate cyber resilience by not only mitigating threats but also fostering a culture of proactive defence, informed decision-making, and collaborative response within organisations and across industries.",4,4,0.5954,0.5114,0.5106,0.5703,0.5024,0.5954,0.0,,,,
https://openalex.org/W4399313958,Graph-Based Spectral Analysis for Detecting Cyber Attacks,ARES (Validação DBLP),"Majed Jaber, Nicolas Boutry, Pierre Parrend",2024,"Spectral graph theory delves into graph properties through their spectral signatures. The eigenvalues of a graph’s Laplacian matrix are crucial for grasping its connectivity and overall structural topology. This research capitalizes on the inherent link between graph topology and spectral characteristics to enhance spectral graph analysis applications. In particular, such connectivity information is key to detect low signals that betray the occurrence of cyberattacks. This paper introduces SpectraTW, a novel spectral graph analysis methodology tailored for monitoring anomalies in network traffic. SpectraTW relies on four spectral indicators, Connectedness, Flooding, Wiriness, and Asymmetry, derived from network attributes and topological variations, that are defined and evaluated. This method interprets networks as evolving graphs, leveraging the Laplacian matrix’s spectral insights to detect shifts in network structure over time. The significance of spectral analysis becomes especially pronounced in the medical IoT domains, where the complex web of devices and the critical nature of healthcare data amplify the need for advanced security measures. Spectral analysis’s ability to swiftly pinpoint irregularities and shift in network traffic aligns well with the medical IoT’s requirements for prompt attack detection.",4,4,0.5804,0.5466,0.575,0.5083,0.5712,0.5804,0.0,,,,
https://openalex.org/W4400976745,Hardware Trust Anchor Authentication for Updatable IoT Devices,ARES (Validação DBLP),"Dominik Lorych, Christian Plappert",2024,"Secure firmware update mechanisms and Hardware Trust Anchors (HTAs) are crucial in securing future IoT networks. Among others, HTAs can be used to shield security-sensitive data like cryptographic keys from unauthorized access, using hardware isolation. Authentication mechanisms for key usage, however, are difficult to implement since corresponding credentials need to be stored outside the HTA. This makes them vulnerable against host hijacking attacks, which in the end also undermines the security gains of the HTA deployment.",3,3,0.5264,0.5537,0.59,0.5744,0.5211,0.59,0.0,,,,
https://openalex.org/W4400977134,Evaluating Cyber Security Dashboards for Smart Cities and Buildings: Enhancing User Modeling with LLMs,ARES (Validação DBLP),"Hanning Zhao, Bilhanan Silverajan",2024,"Designing effective cybersecurity visualization has become a crucial component of cyber defense strategies in many domains and industrial environments. Human behaviour, modeling and input are major aspects of designing visualization systems. Yet, the task of evaluating these developed visualization systems is both time-consuming and challenging, and it is often prone to cases where user evaluation is limited owing to a lack of different stakeholders and end users during the design process. Recognizing the potential of advanced Generative Artificial Intelligence and Large Language Models (LLMs), our study aims to explore their capabilities in evaluating web-based security visualization tools and dashboards, particularly in the context of smart cities and buildings. We study and compare the feasibility of using various LLMs available today, for conducting usability testing, serving as an additional resource given the limited availability of human participants. In particular, we focus on three different LLMs: Bing Chat, ChatGPT-4 and ChatGPT-4o. While each had its strengths and drawbacks, our findings revealed that the results obtained had a strong correlation with human test subjects. LLMs can be a valuable aid during evaluation, by offering in-depth insights and evaluations, tailored to the specific requirements of smart buildings, cities and automation cybersecurity. Moreover, our research and findings also reveal that LLMs can similarly be used for the evaluation of a wide range of other visual systems for industrial environments.",1,1,0.593,0.5057,0.5136,0.495,0.5687,0.593,0.0,,,,
https://openalex.org/W4400978080,Comparing Hyperbolic Graph Embedding models on Anomaly Detection for Cybersecurity,ARES (Validação DBLP),"Mohamed Yacine Touahria Miliani, Souhail Abdelmouaiz Sadat, Mohammed Haddad, Hamida Seba, Karima Amrouche",2024,"Graph-based anomaly detection has emerged as a powerful tool in cybersecurity for identifying malicious activities within computer systems and networks. While existing approaches often rely on embedding graphs in Euclidean space, recent studies have suggested that hyperbolic space provides a more suitable geometry for capturing the inherent hierarchical and complex relationships present in graph data. In this paper, we explore the efficacy of hyperbolic graph embedding for anomaly detection in the context of cybersecurity. We conduct a comparison of six state-of-the-art hyperbolic graph embedding methods, evaluating their performance on a well-known intrusion detection dataset. Our analysis reveals the strengths and limitations of each method, demonstrating the potential of hyperbolic graph embedding for enhancing security.",1,1,0.5479,0.532,0.5122,0.511,0.5763,0.5763,0.0,,,,
https://openalex.org/W4400976388,On the Application of Natural Language Processing for Advanced OSINT Analysis in Cyber Defence,ARES (Validação DBLP),"Florian Skopik, Benjamin Akhras, Elisabeth Woisetschläger, Medina Andreşel, Markus Wurzenberger, Max Landauer",2024,"Open Source Intelligence (OSINT), in addition to closed military sources, provides timely information on emerging cyber attack techniques, attacker groups, changes in IT products, policy updates, recent events, and much more. Often, dozens of analysts scour hundreds of sources to gather, categorize, cluster, and prioritize news items, delivering the most pertinent information to decision makers. However, the sheer volume of sources and news items is continually expanding, making manual searches increasingly challenging. Moreover, the format and presentation of this information vary widely, with each blog entry, threat report, discussion forum, and mailing list item appearing differently, further complicating parsing and extracting relevant data. The research projects NEWSROOM and EUCINF, under the European Defence Fund (EDF), focus on leveraging Natural Language Processing (NLP) and Artificial Intelligence (AI) to enhance mission-oriented cyber situational awareness. These EDF initiatives are instrumental in advancing Taranis AI, a tool designed to categorize news items using machine learning algorithms and extract pertinent entities like company names, products, CVEs, and attacker groups. This enables the indexing and labeling of content, facilitating the identification of relationships and grouping of news items related to the same events – a crucial step in crafting cohesive ""stories."" These stories enable human analysts to swiftly capture the most significant current ""hot topics"", alleviating them from the task of consolidating or filtering redundant information from various sources. Taranis AI further enhances its capabilities by automatically generating summaries of reports and stories, and implementing a collaborative ranking system, among other features. This paper serves as an introduction to Taranis AI, exploring its NLP advancements and their practical applications. Additionally, it discusses lessons learned from its implementation and outlines future directions for research and development.",2,2,0.5798,0.5038,0.511,0.537,0.5481,0.5798,0.0,,,,
https://openalex.org/W4400976765,From Seaweed to Security: Harnessing Alginate to Challenge IoT Fingerprint Authentication,ARES (Validação DBLP),"Pouria Rad, Gokila Dorai, Mohsen Jozani",2024,"The increasing integration of capacitive fingerprint recognition sensors in IoT devices presents new challenges in digital forensics, particularly in the context of advanced fingerprint spoofing. Previous research has highlighted the effectiveness of materials such as latex and silicone in deceiving biometric systems. In this study, we introduce Alginate, a biopolymer derived from brown seaweed, as a novel material with the potential for spoofing IoT-specific capacitive fingerprint sensors. Our research uses Alginate and cutting-edge image recognition techniques to unveil a nuanced IoT vulnerability that raises significant security and privacy concerns. Our proof-of-concept experiments employed authentic fingerprint molds to create Alginate replicas, which exhibited remarkable visual and tactile similarities to real fingerprints. The conductivity and resistivity properties of Alginate, closely resembling human skin, make it a subject of interest in the digital forensics field, especially regarding its ability to spoof IoT device sensors. This study calls upon the digital forensics community to develop advanced anti-spoofing strategies to protect the evolving IoT infrastructure against such sophisticated threats.",2,2,0.5225,0.5154,0.5385,0.4783,0.5475,0.5475,0.0,,,,
https://openalex.org/W4400977219,Using Artificial Intelligence in Cyber Security Risk Management for Telecom Industry 4.0,ARES (Validação DBLP),"Ijeoma Ebere-Uneze, Syed Jafar Naqvi",2024,"The intensity and sophistication of cyberattacks have informed the need for artificial intelligence (AI) solutions for cyber security risk management (CSRM). We have studied the impact of using AI for CSRM in Telecommunication Industry 4.0 (TI4.0). This case study is used to develop an AI-enabled approach for enhanced protection of TI4.0. The services and the infrastructure provided by the TI4.0 are characterized by complexities due to the rapid evolution of associated technologies. This has continued to increase the attack surface and expose the industry to more cyber security risks. This article shows how the use of AI impacts CSRM in the TI4.0. Our work provides insights into the application of AI in mitigating cyber security risks. We have found that AI can enhance CSRM and, its effectiveness is determined by the quality of data that it was trained with; the training it received as well as the security of the AI solution.",2,2,0.577,0.4936,0.5065,0.504,0.4957,0.577,0.0,,,,
https://openalex.org/W4400976281,NERO: Advanced Cybersecurity Awareness Ecosystem for SMEs,ARES (Validação DBLP),"Charalambos Klitis, Ioannis Makris, Pavlos S. Bouzinis, Dimitrios Christos Asimopoulos, Wissam Mallouli, Kitty Kioskli, Eleni Seralidou, Christos Douligeris, Loizos Christofi",2024,"NERO represents a sophisticated Cybersecurity Ecosystem comprising five interconnected frameworks designed to deliver a Cybersecurity Awareness initiative, as advocated by ENISA as the optimal method for cultivating a security-centric mindset among employees to mitigate the impact of cyber threats. It integrates activities, resources, and training to nurture a culture of cybersecurity. NERO primarily equips SMEs with a repository of Cyber Immunity Toolkits, a Cyber Resilience Program, and Gamified Cyber Awareness Training, all accessible through a user-friendly Marketplace. The efficacy and performance of this concept will be affirmed through three distinct use case demonstrations across various sectors: Improving Patient Data Security in Healthcare with Cybersecurity Tools, Enhancing Supply Chain Resilience in the Transportation and Logistics Industry through Cybersecurity Awareness, and Elevating Financial Security via Enhanced Cybersecurity Awareness and Tools.",1,1,0.5558,0.5403,0.4614,0.5137,0.5067,0.5558,0.0,,,,
https://openalex.org/W4400976853,Operation Assessment in cyberspace: Understanding the effects of Cyber Deception,ARES (Validação DBLP),"Salvador Llopis Sánchez, David Antunes",2024,"Cyber planners face a considerable challenge in finding holistic solutions for a cyber defence decision-support system - a core module of a cyber situation awareness capability. Due to a fast-evolving cyberspace, decision-makers assisted by technical staff are prone to carry out qualitative assessments when planning and conducting cyber operations instead of exclusively relying on quantitative assessments to articulate cyber defence mechanisms. A hybrid setting combining both types of assessments would be key to having the ability to monitor progression, anticipate deviations from initial plans, and evaluate effectiveness towards mission accomplishment. In line with this rationale, the authors propose a thorough analysis and tailoring of the military operation assessment framework applied to the characteristics of the cyberspace in view of identifying a proper methodology able to regularly assess the situation and provide mitigation measures to fix goal alignment problems, including measuring effects of cyber deception. Feedback mechanisms can capture the outcomes of implemented decisions, analyse discrepancies from expected results, and inform iterative improvements in the decision-support system. Such goals are considered operational objectives and decisive conditions of the operation design. The results are expected to shed some light about measuring the required performance of action and effectiveness using mission impact analysis and risk calculations among others. It remains to be further investigated how machine learning models could be integrated into the proposed hybrid system.",1,1,0.5916,0.4857,0.4759,0.5199,0.5342,0.5916,0.0,,,,
https://openalex.org/W4400976809,Trustworthy AI-based Cyber-Attack Detector for Network Cyber Crime Forensics,ARES (Validação DBLP),"Damian Puchalski, Marek Pawlicki, Rafał Kozik, Rafał Renk, Michał Choraś",2024,"In recent years, the increasing sophistication and proliferation of cyberthreats have underscored the necessity for robust network security measures, as well as a comprehensive approach to cyberprotection at large. As cyberthreats are continuously more and more complex, and their detection, response and mitigation often involve dealing with big data, the need for novel solutions is present also in cyber-criminal law enforcement (LEA) and network forensics contexts. Traditional, anomaly-based or signature-based intrusion detection systems (IDS) often face challenges in adapting to the evolving cyberattack landscape. On the other hand, Machine Learning (ML) has emerged as a promising approach, proving its ability to detect complex patterns in big data, including applications such as intrusion detection and classification of threats in the network environment, with high accuracy and precision (reduced rate of false positives). In this paper we present the Trustworthy Cyberattack Detector tool (TCAD), benefiting from the machine learning algorithms for the detection and classification of cyberattacks. TCAD can be used for monitoring the network in real-time and for offline analysis of collected network data. We believe that the TCAD can be successfully applied for the task of detecting and classifying evidence during criminal investigations related to network cyber attacks, but also can be helpful for the correlation of discovered network-based events over time with other collected non-network evidence.",1,1,0.5637,0.5546,0.5253,0.5307,0.533,0.5637,0.0,,,,
https://openalex.org/W4400976618,Tackling the cybersecurity workforce gap with tailored cybersecurity study programs in Central and Eastern Europe,ARES (Validação DBLP),"Marko Zivanovic, Imre Lendák, Ranko Popović",2024,"Digitalization of society brought improvement in many aspects of life but it also brought new cybersecurity challenges. The number of sophisticated, targeted cyber attacks is increasing, which requires constant improvements in Cybersecurity education. Despite this pressing need, the cybersecurity workforce gap is getting bigger. This paper presents a new approach for dynamic cybersecurity curriculum development that utilizes keyword extraction from various sources such as job ads, courses, and curricula with machine learning to quantify curriculum alignment with cybersecurity industry demands and address the workforce gap. The analysis illustrates curricula in the Central East Europe (CEE) region, maps cyber security job ads to curricula, and quantifies coverage of courses, industry, and reference framework topics based on keyword matching. The case study conducted with curricula from CEE illustrates coverage according to the ENISA's European Cybersecurity Skills Framework (ECSF) roles and optimization progress after adjustment application. The results demonstrate the importance of dynamic curriculum updates for academic institutions including cybersecurity workforce gap reduction and lack of real progress towards alignment with ECSF.",0,0,0.5899,0.5145,0.468,0.5072,0.5141,0.5899,0.0,,,,
https://openalex.org/W4400976662,Exploring the influence of the choice of prior of the Variational Auto-Encoder on cybersecurity anomaly detection,ARES (Validação DBLP),"T. Yang, Yuansong Qiao, Brian Lee",2024,"The Variational Auto-Encoder (VAE) is a popular generative model as the variance inference in the latent layer, the prior is an important element to improve inference efficient. This research explored the prior in the VAE by comparing the Normal family distributions and other location-scale family distributions in three aspects (performance, robustness, and complexity) in order to find a suitable prior for cybersecurity anomaly detection. Suitable distributions can improve the detection performance, which was verified at UNSW-NB15 and CIC-IDS-2017.",0,0,0.498,0.4628,0.4537,0.4994,0.5078,0.5078,0.0,,,,
https://openalex.org/W4400976741,Comparative Analysis and Implementation of Jump Address Masking for Preventing TEE Bypassing Fault Attacks,ARES (Validação DBLP),"Shoei Nashimoto, Rei Ueno, Naofumi Homma",2024,"Attacks on embedded devices continue to evolve with the increasing number of applications in actual products. A trusted execution environment (TEE) enhances the security of embedded devices by isolating and protecting sensitive applications such as cryptography from malicious or vulnerable applications. However, the emergence of TEE bypass attacks using faults exposes TEEs to threats. In CHES’22, jump address masking (JAM) was proposed as a countermeasure against TEE bypass attacks, specifically targeting RISC-V. JAM prevents modifications of protected data by calculating jump addresses using the protected data, and is expected to provide promising resistance to TEE bypass attacks, for which traditional countermeasures are ineffective. However, JAM was originally proposed for bare metal applications. Therefore, its application to TEEs that operate with an OS presents technical and security challenges. This study proposes a method for applying JAM to Keystone, a major TEE framework for RISC-V, and validates its practical effectiveness and performance through a comparative evaluation with existing countermeasures such as memory encryption, random delays, and instruction duplication. Our evaluation reveals that the proposed JAM implementation is the first countermeasure that achieves complete resistance to TEE bypass attacks with an execution time overhead of approximately 340% for context switches and 1.0% across the entire program, which is acceptable compared with other countermeasures.",0,0,0.5727,0.545,0.4994,0.5857,0.5234,0.5857,0.0,,,,
https://openalex.org/W4400977760,"A SOAR platform for standardizing, automating operational processes and a monitoring service facilitating auditing procedures among IoT trustworthy environments",ARES (Validação DBLP),"Vasiliki-Georgia Bilali, Eustratios Magklaris, Dimitrios Kosyvas, Lazaros Karagiannidis, Eleftherios Ouzounoglou, Angelos Amditis",2024,"Advanced Threat Intelligence Orchestrator (ATIO) is a sophisticated middleware solution designed to enhance unified threat management (UTM) monitoring processes by adhering Security Orchestration Automation Response (SOAR) capabilities. This paper provides a detailed overview of ATIO, highlighting its multitasking capabilities towards coordinating information from different types of tools, usually bringing with them different types of data. Also, it gives some details on the system implementation and some indicative operational workflows. Central to ATIO's functionality is its ability to concurrently or sequentially automate the execution and processing steps of multiple workflows, while adhering to cyber security standards, organization policies and regulations. The design of ATIO is flexible, accommodating various interconnected services and tools to meet specific requirements, as well as diverse infrastructure interfaces, accommodating different specifications seamlessly adhering standardized formats and Cyber Threat Information (CTI) languages, such as STIX2.1. This integration enhances interoperability and expands the scope of cyber-threat intelligence operations by enabling connectivity with various systems and diversified data types. Moreover, ATIO automation nature, boosting detection and acknowledge efficiency and responsiveness in threat intelligence operations. It enables users to alter and filter workflow steps, preparing information for correlation and tracking cyber threat information (CTI) effectively. Additionally, ATIO includes robust mechanisms for monitoring user actions within the system, ensuring accountability and providing valuable insights into operational activities.",0,0,0.5851,0.5349,0.5984,0.555,0.5645,0.5984,0.0,,,,
https://openalex.org/W4413240969,Large Language Models Are Unreliable for Cyber Threat Intelligence,ARES (Validação DBLP),"Emanuele Mezzi, Fabio Massacci, Katja Tuma",2025,Resumo não disponível,10,10,0.4885,0.4393,0.4257,0.4918,0.4823,0.4918,0.0,,,,
https://openalex.org/W4413239853,A Cyber-Resilient DICE Architecture for Resource-Constrained Devices,ARES (Validação DBLP),"Utku Budak, Malek Safieh, Fabrizio De Santis, Georg Sigl",2025,Resumo não disponível,1,1,0.5503,0.5682,0.5373,0.5936,0.5745,0.5936,0.0,,,,
https://openalex.org/W4413250014,Large Language Models for Cyber Threat Intelligence: Extracting MITRE With LLMs,ARES (Validação DBLP),"Andraž Krašovec, Gary Steri, Γεώργιος Καρόπουλος, Mirko Trapani",2025,"Abstract Cyber Threat Intelligence (CTI) reports provide information about emerging and current cyber threats, and their analysis is key for adopting appropriate countermeasures. Reports are typically in the form of long texts from which cybersecurity analysts extract essential elements and translate them into actionable steps. To summarise and share the findings of this analysis, sentences in the reports are often labelled with MITRE ATT&amp;CK techniques that yield a better description of the identified attack patterns. However, this task can be very time-consuming and prone to both errors and biases of analysts. In the literature, there have been some attempts to automate this process. Most commonly, researchers apply different pre-processing steps on the initial reports and then apply classification techniques, including approaches based on large language models (LLMs). Considering that reports are written in natural language, in this paper, we present an approach that relies entirely on LLMs and seeks to minimise preprocessing of reports and other human intervention, if not to replace, at least to ease the task of the analysts. We evaluate our approach on a real-world CTI report and an extensive dataset of MITRE-labelled sentences and reduce the number of potentially suitable techniques by up to 33 $$\times $$ <mml:math xmlns:mml=""http://www.w3.org/1998/Math/MathML""> <mml:mo>×</mml:mo> </mml:math> while retaining ground truth labels in up to 94.29% of the sentences.",1,1,0.5578,0.494,0.48,0.4975,0.5365,0.5578,0.0,,,,
https://openalex.org/W4413255972,Enhancing Cybersecurity Curriculum Development Through European Cybersecurity Framework and Transformer Models,ARES (Validação DBLP),"Marko Zivanovic, Imre Lendák, Ranko Popović",2025,Resumo não disponível,1,1,0.5539,0.5143,0.444,0.4959,0.4975,0.5539,0.0,,,,
https://openalex.org/W4413244929,ARCeR: An Agentic RAG for the Automated Definition of Cyber Ranges,ARES (Validação DBLP),"Matteo Lupinacci, Francesco Blefari, Francesco Romeo, Francesco Aurelio Pironti, Angelo Furfaro",2025,Resumo não disponível,2,2,0.549,0.5292,0.4916,0.5448,0.5666,0.5666,0.0,,,,
https://openalex.org/W4413239856,Optimizing IoT Attack Detection in Edge AI: A Comparison of Lightweight Machine Learning Models and Feature Reduction Techniques,ARES (Validação DBLP),"Viet Anh Phan, Jan Jeřábek, Lukáš Malina",2025,Resumo não disponível,1,1,0.4357,0.4652,0.5881,0.443,0.4721,0.5881,0.0,,,,
https://openalex.org/W4413244642,Effects of the Cyber Resilience Act (CRA) on Industrial Equipment Manufacturing Companies,ARES (Validação DBLP),"Roosa Risto, Mohit Sethi, Mika Katara",2025,Resumo não disponível,1,1,0.5793,0.5072,0.4918,0.5335,0.4791,0.5793,0.0,,,,
https://openalex.org/W4413255867,WalkthroughCyber: Teaching Cyber-Awareness in Montessori Middle Schools,ARES (Validação DBLP),"Margherita Renieri, Alessandra Renieri, Letterio Galletta",2025,Resumo não disponível,1,1,0.5084,0.4414,0.4339,0.4596,0.473,0.5084,0.0,,,,
https://openalex.org/W4413239185,Securing the Road Ahead: Supporting Decision Making in Automotive Cybersecurity Risk Treatment,ARES (Validação DBLP),"Manfred Vielberth, Robin Siepmann, Magdalena Glas, Günther Pernul",2025,Resumo não disponível,0,0,0.582,0.4858,0.4946,0.5263,0.4826,0.582,0.0,,,,
https://openalex.org/W4413239247,A Data-Driven Approach for Cyber Security Assessments of SMEs,ARES (Validação DBLP),"Nico Mexis, Stefan Katzenbeisser",2025,Resumo não disponível,0,0,0.5096,0.4739,0.4362,0.4524,0.4717,0.5096,0.0,,,,
https://openalex.org/W4413239271,Cybersecurity Vulnerability Prioritisation via Risk Assessment,ARES (Validação DBLP),"Stephen Taylor, P. Melas, Mike Surridge, Paolo De Lutiis, M. Leone, Martin Gilje Jaatun, Ravishankar Borgaonkar",2025,Resumo não disponível,0,0,0.5003,0.4833,0.4684,0.5305,0.4876,0.5305,0.0,,,,
https://openalex.org/W4413239964,Leveraging Graph Neural Networks for Attack Detection in IoT Systems,ARES (Validação DBLP),"Ramzi Rezki, Youakim Badr, Samia Bouzefrane, Fabrice Mourlin, Méziane Yacoub",2025,Resumo não disponível,0,0,0.4207,0.4546,0.5491,0.4321,0.4541,0.5491,0.0,,,,
https://openalex.org/W4413240817,AdvisoryHub: Design and Evaluation of a Cross-Platform Security Advisory System for Cyber Situational Awareness,ARES (Validação DBLP),"Marc–André Kaufhold, Julian Bäumler, Nicolai Koukal, Christian Reuter",2025,Resumo não disponível,0,0,0.5502,0.4807,0.4691,0.5093,0.5335,0.5502,0.0,,,,
https://openalex.org/W4413244648,A Robust Hybrid Framework Combining Deductive Temporal Logic and Machine Learning for Fault and Cyber-Attack Detection in the Tennessee Eastman Process,ARES (Validação DBLP),Hoda Mehrpouyan,2025,Resumo não disponível,0,0,0.5367,0.4792,0.462,0.5692,0.5019,0.5692,0.0,,,,
https://openalex.org/W4413245004,Countering Financial Cyber Crime: New Method for Subsequent Steps Analysis in Large Complex Graphs of Financial Transactions,ARES (Validação DBLP),"Rafał Kozik, Piotr Gocał, Michał Choraś",2025,Resumo não disponível,0,0,0.4785,0.5597,0.4641,0.4707,0.5072,0.5597,0.0,,,,
https://openalex.org/W4413250232,Risk-Aware Adaptive Cyber Deception Guided by Large Language Models,ARES (Validação DBLP),"David Antunes, Pavlos Cheimonidis, Eleftherios Batzolis, Kyriakos Ovaliadis, Salvador Llopis Sánchez, Konstantinos Rantos",2025,Resumo não disponível,0,0,0.4543,0.442,0.3693,0.4529,0.4241,0.4543,0.0,,,,
https://openalex.org/W4413250249,Enhancing Cyber Situation Awareness: Visualizing Advanced Persistent Threats as Complex Systems,ARES (Validação DBLP),"Georgi Nikolov, Margaret Varga, April Rose Panganiban, Kaur Kullman, Valérie Lavigne",2025,Resumo não disponível,0,0,0.5852,0.496,0.482,0.5378,0.545,0.5852,0.0,,,,
https://openalex.org/W4413255875,Challenges in Adapting an Industrial Training Course for Academia a Cybersecurity Risk Management Course Case Study,ARES (Validação DBLP),"Stéphane Paul, Jamal El Hachem, Guy Gogniat",2025,Resumo não disponível,0,0,0.546,0.4901,0.4571,0.5089,0.4958,0.546,0.0,,,,
https://openalex.org/W4413255926,SAM-CyFra: A System for the Automated Management of Cybersecurity Frameworks,ARES (Validação DBLP),"Raffaele Elia, Daniele Granata, Massimiliano Rak",2025,Resumo não disponível,0,0,0.5103,0.4902,0.4391,0.525,0.5265,0.5265,0.0,,,,
